Sr. No.,Nature of Agreement ,Date of Agreement,Group Entity,Name of the counter party,Proposed Services,Tenure & Termination,Consideration involved,SLA Involved,Primary Contact -           For India Bonds,Primary Contact -                                    For Vendor,Remarks,,,
1,Master Service Agreement,8-Feb-21,India Bond Private Limited,National Securities Depositories Limited (NSDL),"Fetching of Reference Data – Corporate Bond

First Amendment dated June 14, 2022

Second Amendment dated Sept 29, 2023

Third Amendment dated February 10, 2024","Perpetual
(With 90 days termination)","Third Amendment
INR 10,00,000/- Feb 1, 2025 to Jan 31, 2026 
INR 10,00,000/- Feb 1, 2026 to Jan 31, 2027
INR 12,00,000/- Feb 1, 2027, to Jan 31, 2028
INR 12,00,000/- Feb 1, 2028 to Jan 31, 2029
INR 15,00,000/- from Feb 1, 2029 onwards
",NO,Ashit Raja  ,"ANURAG TRIPATHI
AnuragT@nsdl.co.in
9833816198

Rahul Pratap Singh
singhr@nsdl.co.in","Commercial Pricing for the Second Year reduced to INR 6,00,000/- vide  
",,,
2,MASTER SUBSCRIPTION AGREEMENT,8-Feb-21,"A. K. Capital Services Limited (Subscriber changed to India Bond Private Limited vide letter dated March 15, 2023) ",Zoho Technologies Private Limited,"License to use Zoho CRM Plus-5 users service
","Annual Subscription      (With 60 days termination)     
continue until all
subscriptions granted in accordance with this Agreement have expired or been terminated","INR  1,35,000/-",YES,Swapnil Shinde,"Hitesh Dudani
hitesh.d@zohocorp.com
7021038089


","Subscriber changed to India Bond Private Limited vide letter dated March 15, 2023",,,
3,Agreement for Safe Storage Services ,26-Jul-19,India Bond Private Limited,StockHolding Document Management Services Limited ,Safekeeping of Documents,Perpetual,as per Schedule C,No,"India Bond Private Limited, 30-39, 3rd Floor, Free Press House, Free Press Journal Marg, 215, Nariman Point, Mumbai - 400021","SHCIL House, P-51, TTC Industrial Area, MIDC Mahape, Navi Mumbai - 400710",,,,
4,Service Agreement                       (Push SMS Agreement),10-Mar-21,India Bond Private Limited          A. K. Capital Services Limited     A. K. Capital Finance Limited   ,ACL Mobile Limited,Push SMS Services,"Perpetual
(With 60 days termination)",One Time Charge: Rs Nil.          Per Push Message Charge:       Rs. 0.105/- per SMS submitted to Mobile Operator SMSC,YES,Swapnil Shinde / Ashit Raja ,"Uditav Sinha
uditavs@aclmobile.com
9987103017

Vaishali Sharma
vaishalis@sinch.com
T: +91 120 6139000","To avail Push SMS services with respect to mobile subscribers residing outside India for the countries as mentioned in the Addendum dated May 26, 2022 (effective May 5, 2022).",,,
5,Service Agreement                       (Push SMS Agreement),5-Oct-23,"India Bond Private Limited          A. K. Capital Services Limited     A. K. Capital Finance Limited   
Family Home Finance Private Limited (new entity added)",ACL Mobile Private Limited ,Push SMS Services (Addendum Agreement No. 02),"Perpetual
(With 60 days termination)",One Time Charge: Rs Nil.          Per Push Message Charge:       Rs. 0.105/- per SMS submitted to Mobile Operator SMSC,YES,Swapnil Shinde / Ashit Raja ,"Uditav Sinha
uditavs@aclmobile.com
9987103017

Vaishali Sharma
vaishalis@sinch.com
T: +91 120 6139000",,,,
6,Internal Audit Agreement,17-May-24,India Bond Private Limited,Anudnya A Mehta & Associates,Internal Audit as per Stock Broking Regulations ,"FY 23-24 and 24-
25","INR 50,0000/-",No,Harshad Babade ,Yash Shah,,,,
7,First Amendment Agreement,6-Oct-25,India Bond Private Limited,Anudnya A Mehta & Associates,Internal Audit as per Stock Broking Regulations ,Perpetual,"INR 100,0000/-",No,Hitesh Motiramani / Ashit Raja,Yash Shah,,,,
8,Services Agreement,14-Jun-24,India Bond Private Limited,North Star Consulting,Cyber Security & Cyber Resilience Compliance Audit,Three (3) Years (Renewal at sole discretion of the Client),"INR 72,500/-",YES,"Anand Sonawane
Vice President - Engineering","Manish Ashar
Principal Consultant
",,,,
9,Master Service Agreement ,31-Jul-24,India Bond Private Limited,Digiotech Solutions Private Limited,"DigiKYC, Aadhaar Offline XML KYC, DIGILocker, Video KYC, ID card OCR validation/verification, Regulatory data submission, Upload of Signature","Perpetual 
Termination with 30 days notice ",Yes. Specific to the service being availed and specified in Annexure-II,YES,"Anand Sonawane
Vice President","Siddhant Chhabra 
Business Development Manager
9910606175",,,,
10,Agreement for e-Sign Services,21-Sep-21,A.K. Stockmart Private Limited,NSDL e-Governance Infrastructure Ltd.,To obtain e-Sign electronic Online Signature services,"Term: 21/09/2021 to 31/03/2024
30 days termination","E-Signing Per e-KYC - Rs.5
UIDAI charges per e-KYC - Rs.3 (Refundable)",NO,"Ashit Raja
","Mr. Ankush Deshpande
Vice President",,,,
11,"Service Agreement
",14-Mar-22,A.K. Stockmart Private Limited,Karza Technologies Private Limited,"To access Karza's API services and other ancillary services. 
Addendum Agreement dated 12-Feb-2023 To avail additional services of Bank AC Verification & UPI verification and Non-Assignment clause added",Perpetual (Termination with 2 months notice),"As per Annexure 3
As per Annexure 3-A",YES,Ashit Raja,"Aditya Sharma
aditya.s@karza.in
9324764465

Shankar Krishnamoorthy
shankar.k@karza.in
9821570282",,,,
12,Agreement for Organic Search Marketing (SEO),12-May-22,India Bond Private Limited,Puretech Internet Private Limited,To avail Services of Organic Search Marketing (“SEO”),"36 (Thirty Six) Months (with automatic renewal upon mutual agreement)
30 days termination","Monthly retainer fees of INR 1,00,000/-",NO,Anushri Thakur,"Prashant Deorah
prashant.deorah@puretech.com

Vinay Pillai
vinay.pillai@puretech.com
9029840855","The Company now also avails Paid Media Services from Puretech vide First Addendum Agreement dated         November 21, 2022. 

Reminder for renewal due. Scope and Commercials.",,,
13,Second Addendum Agreement,28-Apr-25,India Bond Private Limited,Puretech Internet Private Limited,"Schedule-B of the Principal Agreement pertaining to Service Fees and Payment Structure, be
replaced with the Annexure 1 of this Second Addendum","shall be amended to extend the term
for a period of 36 (thirty-six) months i.e., until April 30, 2028","Monthly retainer fees of INR 1,15,000/-",NO,Anushri Thakur,"Prashant Deorah
prashant.deorah@puretech.com

Vinay Pillai
vinay.pillai@puretech.com
9029840855",,,,
14,Service Arrangement,23-Sep-22,India Bond Private Limited,Jio Haptik Technologies Limited,Whatsapp business service,NA,"Advance Payment made for monthly subscription: INR 2,500/-
 
Conversation rate(s): 
Business Initiated:         INR 0.4843 
User Initiated: 0.2906
",NO,Swapnil Shinde ,"Prateek Garimella
Sales & Growth
",,,,
15,Master Services Agreement,1-Oct-22,India Bond Private Limited,RAZORPAY SOFTWARE PRIVATE LIMITED,"Payment gateway aggregation and developing and implementing
payment related solutions","Perpetual (SOF-Start Date untill Terminated)
90 days termination",As specified in Annexure II -Fees,NO,Ashit Raja / Anand Sonawane,"Atul Mehta
SVP Sales",Reminder for renewal due. Scope and Commercials.,,,
16,Resource Partnership Agreement,12-Dec-22,India Bond Private Limited,Scrabble Advisors Private Limited,"To introduce candidates to the Client who will be considered by the Client for Engagement for employment, hire or other use, directly or indirectly,
and whether under a contract of service or contract for services or otherwise, and on a permanent,
temporary or other basis","12 months
(With 1 month termination)","One-time fees of 15% of Annual Fixed Pay (including Guaranteed, joining and
conditional bonus) exclusive of GST",NO,"Mr. Mihir More, AVP- HR","Mr. Naveen Tiwari, Co-founder","Mihir More, Human Resource",,,
17,Extension Letter,30-Nov-23,India Bond Private Limited,Scrabble Advisors Private Limited,"Extension of Services for 2 (two) years i.e., upto December 11, 2025","24 months from December 12, 2023 to December 11, 2025",Yes,NO,"Mr. Mihir More, AVP- HR","Mr. Naveen Tiwari, Co-founder",,,,
18,Terms of Engagement,1-Oct-23,India Bond Private Limited,Jigsow Advisors LLP,"introduce candidates to the Company who will be considered for Engagement. ‘Engagement’ means the employment, hire or other use, directly or indirectly, and whether under a contract of service or contract for services or otherwise, and on a permanent, temporary, or other basis, of a Candidate.","1 years;
30 (Thirty) days notice.",Yes,NO,"Mr. Mihir More, AVP- HR","Mr. Naveen Tiwari, Co-founder",,,,
19,Extension Letter,23-Sep-23,India Bond Private Limited,Jigsow Advisors LLP,"Extension of Services for a further period up to December 31, 2025","renewed for a further period up to December 31, 2025",Yes,NO,"Mr. Mihir More, AVP- HR","Mr. Naveen Tiwari, Co-founder",,,,
20,Service Agreement,2-May-23,India Bond Private Limited,Concept Public Relations India Limited,To avail public relations services for promotion of the brand India Bond.,"One Year (with automatic renewal for One year unless terminated)
2 months notice for termination","Monthly retainer fee of INR 2,50,000/-",NO,Vishal Goenka, Pooja Chaudhri ,Marketing Team ,,,
21,First Addendum Agreement,7-May-25,India Bond Private Limited,Concept Public Relations India Limited,,"Extension for a period of 2 (two) years i.e., until March 14, 2027","Monthly retainer fee of INR 2,62,500/-
(Annexure-I)",NO,Vishal Goenka, Pooja Chaudhri ,Marketing Team ,,,
22,Agreement between Clearing Member and Trading Member ,11-Sep-24,India Bond Private Limited,SMC Global Securities Limited ,The obligations of clearing and settlement of trades of the Trading member (NSE),"Perpetual 
Termination with 1 months notice",,NO,"Harshad Babade,
Compliance Officer ","Harshad Babade,
Compliance Officer ",,,,
23,Agreement between Clearing Member and Trading Member ,6-Jun-24,India Bond Private Limited,SMC Global Securities Limited ,The obligations of clearing and settlement of trades of the Trading member (BSE),"Perpetual 
Termination with 1 months notice",,NO,"Harshad Babade,
Compliance Officer ","Amit Malhotra,
BDM Clearing Services",,,,
24,Messaging Services Agreement,8-May-23,India Bond Private Limited,KARIX MOBILE PRIVATE LIMITED,"To access and use the WhatsApp Business Solution to interact with Messaging Platform and other APIs (“WhatsApp Business APIs”), WhatsApp Bot Services in order to send messages or use other available features.","One Year
Thirty (30) days termination",As per EXHIBIT A,NO,Swapnil Shinde,Ms. Seshanuradha Chava,,,,
25,Amendment No. 1 to Messaging Service Agreement,11-Apr-25,India Bond Private Limited,KARIX MOBILE PRIVATE LIMITED,same,Term Extended to 06th May 2026 ,As per EXHIBIT A,NO,Swapnil Shinde,Ms. Seshanuradha Chava,,,,
26,Agreement for e-Sign services,20-Jun-23,India Bond Private Limited,Protean eGov Technologies Limited,e-Sign electronic Online Signature services from ESP,14/07/2023 to 31/03/2026,"the Fees will be leviable
as specified. Any modification in the fees will be intimated in writing to the ASP.",No,"Address: 605, 6th Floor, Windsor, Off CST Road, Kalina, Santacruz (East),
Mumbai – 400 098
Attention: Mr. Sachin Vengurlekar
Phone Numbers: 022-67546500
Fax No.: 022-66100594","Address: First Floor, Times Tower, Kamala Mills Compound, Senapati Bapat Marg, Lower
Parel, Mumbai – 400 013
Attention: Mr. Avinash Krishnan
Phone Numbers: 022-4090 4338
Fax No.: 022 – 2499 4690",,,,
27,Addendum No. 1,7-Nov-25,India Bond Private Limited,Protean eGov Technologies Limited,Clause 13.2 to be modified to make the Principal Agreement valid until perpetuity.,Clause 13.2 to be modified to make the Principal Agreement valid until perpetuity.,,No,"Address: 605, 6th Floor, Windsor, Off CST Road, Kalina, Santacruz (East),
Mumbai – 400 098
Attention: Mr. Sachin Vengurlekar
Phone Numbers: 022-67546500
Fax No.: 022-66100594","Address: First Floor, Times Tower, Kamala Mills Compound, Senapati Bapat Marg, Lower
Parel, Mumbai – 400 013
Attention: Mr. Avinash Krishnan
Phone Numbers: 022-4090 4338
Fax No.: 022 – 2499 4690",,,,
28,HYPERVERGE COMMERCIAL API LICENSE AGREEMENT,9-Aug-23,"India Bond Private Limited


",HyperVerge Technologies Private Limited,"To avail services offered by HyperVerge Commercial API, HyperVerge SDK (if applicable) and the Shared Platform",Perpetual,As specified in Part A - License Fee  and Part B - Service Costs of EXHIBIT B of the Agreement,YES,,Ms. Megha Nambiar,As per Agreement,,,
29,HYPERVERGE COMMERCIAL API LICENSE AGREEMENT,12-Sep-23,"A. K. Capital Services Limited
A. K. Capital Finance Limited
A. K. Stockmart Private Limited
",HyperVerge Technologies Private Limited,"To avail services offered by HyperVerge Commercial API, HyperVerge SDK (if applicable) and the Shared Platform",Perpetual,As specified in Part A - License Fee  and Part B - Service Costs of EXHIBIT B of the Agreement,YES,,Ms. Megha Nambiar,As per Agreement,,,
30,Service Agreement,11-Sep-23,India Bond Private Limited,Techila Global Services Limited,To avial Staff Augmentation Services,3 months (renewal at sole discretion of client),"INR 1,40,000",YES,Mihir More,Anamika Mishra,"Mihir More, Human Resource",,,
31,Service Agreement,3-Oct-23,India Bond Private Limited,AstTECS Communication Pvt Ltd,Truecaller Services,3 months (with automatic renewal),15000 per month,NO,Swapnil Shinde,Binish VJ,,,,
32,OUTSOURCING AGREEMENT,26-Apr-24,India Bond Private Limited,Unify Facility Management Pvt Ltd,To arrange personnel/manpower supply to the Company from time to time for its various administrative and operational needs,3 Years (With 1 month termination),4.50% on the Monthly CTC,NO,Jitendra Kantharia,Amit Suryavanshi,Jitendra Kantharia,,,
33,Service Agreement,30-Apr-24,India Bond Private Limited,Hitachi Systems India Private Limited,Implementing ISMS as per ISO27001:2022 & ISO27001 Certification,Perpetual (With 30 days termination),"Implementing ISMS as per ISO27001:2022: 
INR 4,37,500/- plus GST
ISO27001 Certification: 
INR 4,06,250 plus GST
",YES,"Anand Sonawane
Vice President","Falguni Patel
Regional Head",,,,
34,Service Agreement,13-May-24,India Bond Private Limited,Ethinos Digital Marketing Private Limited,Digital Marketing Services& Web Solutions,Twelve (12) Months (With 30 days termination),As a percentage of monthly media spend as specified in Schedule A,YES,"Anushri Thakur
Senior Manager- Marketing","Siddharth Hegde
Managing Director
",Marketing Team; Anushri ,,,
35,First Addendum,23-Jun-25,India Bond Private Limited,Ethinos Digital Marketing Private Limited,Extension of the Principal Agreement above for a period of 12 months,Twelve (12) Months (With 30 days termination),,,,,Marketing Team; Anushri ,,,
36,Marketing Services Agreement,27-May-24,India Bond Private Limited,Smile Internet Technologies Private Limited,to provide the marketing services to the Client as mutually agreed in writing,"Perpetual.
Fifteen (15) days’ notice","INR 1 Lakh for commencement and credits to be used for
marketing spends as in dashboard.",No,Anushri Thakur,"Siddharth Puri,
Director/Founder",Anushri to advise on the extension or discontinuation.,,,
37,Service Agreement,5-Jul-24,"A. K. Capital Services Limited
A. K. Capital Finance Limited
A. K. Services Private Limited
A. K. Wealth Management Private Limited",Kochar Consultants Private Limited,ASP IS Audit Compliance Report as mandated by CCA / NSDL / Protean,Perpetual (With 30 days termination),"INR 15,000 each for 4 entities = INR 60,000",YES,"Mr. Ashit Raja
Associate Director","Mr. Siddhant Mehta
Director",,,,
38,Service Agreement,21-Jan-25,India Bond Private Limited,Kochar Consultants Private Limited,ASP IS Audit Compliance Report as mandated by CCA / NSDL / Protean,Perpetual (With 30 days termination),"INR 15,000 ",NO,"Mr. Anand Sonawane,
CISO","Mr. Siddhant Mehta
Director",Physical copy pending to be received.,,,
39,Distributor Agreement,19-Jul-24,India Bond Private Limited,Sriram Finance Limited ,Distribution of Fixed Deposits by IndiaBonds,Agreement shall come into effect on effective date and will continue unless terminated,As per the rates shared by Sriram from time to time,NO,"Jenil Sheth
Vice President",Mr. Rajeev Garg,,,,
40,Service Agreement,30-Dec-24,India Bond Private Limited,Designcoz Private Limited,designing and developing of UI / UX designs,"6 (six months) or the delivery of assets, final handover and final payment, whichever is later","INR 10,00,000/-",No,"Jenil Sheth
Vice President","Ms. Devina Coutinho
devina@designcoz.com",,,,
41,Distributor Agreement,6-Dec-24,India Bond Private Limited,Bajaj Finance Limited ,Distribution of Fixed Deposits by IndiaBonds,valid for a period of 3 years ,Fee at the rates and as per the terms and conditions mutually agreed between BFL and IndiaBonds in advance in writing.,NO,"Jenil Sheth
Vice President","Sachita Mohanty
sachita.mohanty@bajajfinserv.in",,,,
42,SAAS Order Form ,30-Apr-24,India Bond Private Limited,Darwinbox Digital Solutions Private Limited,"access to its Darwinbox Human Resource Management Cloud Solution (""Software"")","3 (three) years;
auto-renew for successive period of 1 (one) year unless earlier terminated","INR 800,000 PA (upto 150 users)
INR ",,Mihir More,,,,,
43,Merchant Service Agreement,13-May-21,India Bond Private Limited,Atom Technologies Limited,"To avail multiple payment facilities over multiple
channels such as Internet, IVR and Mobile using credit/debit card, net banking, loyalty, prepaid cards,
wallets, IMPS, POS MPOS, QR, UPI, Mobile Application. ","One Year -with automatic renewal for 12 months
(With 90 days termination)","One Time Set Up
commercials -Rs. 100,000+GST
AMC-Rs. 10,000 + GST
Net Banking-Rs. 8/- + GST
UPI Transaction Cost-As per RBI- NIL
",NO, Ashit Raja,"Shrutika Bhongale
shrutika.bhongale@atomtech.in
8657594127

Navpreet Kaur
navpreet.kaur@atomtech.in
9167396647","The name of Atom Technologies has been changed to NTT DATA Payment Services India Limited.

Clause 4.2 of the Original Agreement amended w.r.t. to mutual consent for change in fees (as against the advance notice of 30 days) vide Addendum No. 1 dated 10/08/2022.

",,,
44,Annual Maintenance Contract ,28-Aug-24,Family Home Finance Private Limited,IndiaBonds Technologies Private Limited,"IB Tech to perform annual maintenance and support
services to ensure the Website remains functional, secure, and up-to-date","Perpetual 
Termination with 60 days notice ","INR 100,000 per annum (in advance)",NO,"Jinit Gopaldas Kewalramani,
Chief Financial Officer","Nikhil Dharamprakash Gupta,
Director",,,,
45,Annual Maintenance Contract ,28-Aug-24,A. K. Capital Services Limited,IndiaBonds Technologies Private Limited,"IB Tech to perform annual maintenance and support
services to ensure the Website remains functional, secure, and up-to-date","Perpetual 
Termination with 60 days notice ","INR 500,000 per annum (in advance)",NO,"Mahesh Bhootra,
Chief Financial Officer","Nikhil Dharamprakash Gupta,
Director",,,,
46,Annual Maintenance Contract ,28-Aug-24,A. K. Services Private Limited,IndiaBonds Technologies Private Limited,"IB Tech to perform annual maintenance and support
services to ensure the Website remains functional, secure, and up-to-date","Perpetual 
Termination with 60 days notice ","INR 100,000 per annum (in advance)",NO,"Dinesh Kumar Gupta,
Director","Nikhil Dharamprakash Gupta,
Director",,,,
47,Annual Maintenance Contract ,28-Aug-24,A.K. Stockmart Private Limited,IndiaBonds Technologies Private Limited,"IB Tech to perform annual maintenance and support
services to ensure the Website remains functional, secure, and up-to-date","Perpetual 
Termination with 60 days notice ","INR 100,000 per annum (in advance)",NO,"Ranjit Dutta,
Chief Financial Officer","Nikhil Dharamprakash Gupta,
Director",,,,
48,Agreement for Appointment of Third Party Seller,28-Aug-24,A. K. Capital Services Limited,India Bond Private Limited,"Facilitate investor access and enable transactions in debt securities through IndiaBonds’ online platform (https://www.indiabonds.com/).
","Perpetual 
Termination with 60 days notice ","Platform Usage Fees: INR 30,00,000
Customer / Operation Support Fees: INR 18,00,000",NO,"Anand Sonawane,
CISO","Mahesh Bhootra,
Chief Financial Officer",,,,
49,Agreement for Appointment of Third Party Seller,28-Aug-24,A. K. Capital Finance Limited,India Bond Private Limited,"Facilitate investor access and enable transactions in debt securities through IndiaBonds’ online platform (https://www.indiabonds.com/).
","Perpetual 
Termination with 60 days notice ","Platform Usage Fees: INR 30,00,000
Customer / Operation Support Fees: INR 18,00,000",NO,"Anand Sonawane,
CISO","Mahesh Bhootra,
Chief Financial Officer",,,,
50,Agreement for Appointment of Third Party Seller,28-Aug-24,A. K. Stockmart Private Limited,India Bond Private Limited,"Facilitate investor access and enable transactions in debt securities through IndiaBonds’ online platform (https://www.indiabonds.com/).
","Perpetual 
Termination with 60 days notice ","Platform Usage Fees: INR 30,00,000
Customer / Operation Support Fees: INR 6,00,000",NO,"Anand Sonawane,
CISO","Ranjit Dutta,
Chief Financial Officer",,,,
51,Agreement for Appointment of Third Party Seller,25-Jun-25,IB Future Tech Private Limited ,India Bond Private Limited,"Facilitate investor access and enable transactions in debt securities through IndiaBonds’ online platform (https://www.indiabonds.com/).
","Perpetual 
Termination with 60 days notice ",Schedule B: Service Fees and Consideration,NO,"Aditi Mittal,
Director","Nikhil Dharamprakash Gupta,
Director",,,,
52,Leave & License Agreement,20-Sep-23,India Bond Private Limited,"A. K. Capital Services Limited

",To take premises situated at Tulsiani Chambers on Leave & License basis,36 months (21/09/2023 and  20/09/2026),"License fee: INR 61,250/- per month",NO,Tejas Dawda,Harshad Babade,,,,
53,Sub-License Agreement,13-Oct-23,India Bond Private Limited,OBPP Association,To sub license premises situated at Tulsiani Chambers ,5 months (13/10/2023 to 12/03/2024,"License fee: INR 5,000/- per month",NO,Harshad Babade,Vibhor Mittal,,,,
54,Cost Sharing Agreement,26-Jul-24,India Bond Private Limited,IndiaBonds Technologies Private Limited,IndiaBonds Tech to make use of services on a sharing basis subject to reimbursement of costs/ expenses,"Perpetual 
Termination with 60 days notice ","Office Premises: INR 50,000 p.m.
Furniture: INR 5,000 p.m.
daily expenses: INR 5,000 p.m.
Personnel/Employee Sharing: INR 40,000 p.m.",NO,"Harshad Babade,
Compliance Officer","Anand Sonawane,
Director",,,,
55,Software License Agreement,20-Sep-24,IndiaBonds Technologies Private Limited,A. K. Wealth Management Private Limited,License to access and use the Software as prescribed in Schedule A,"Perpetual 
Termination with 60 days notice ",List of Software Licenses and their respective Service Fees prescribed in Schedule B,YES,"Nikhil Dharamprakash Gupta,
Director","Vikas Santosh Jain, 
Director",SLA Specified in Schedule C of the Agreement ,,,
56,Software License Agreement,20-Sep-24,IndiaBonds Technologies Private Limited,A. K. Capital Finance Limited,License to access and use the Software as prescribed in Schedule A,"Perpetual 
Termination with 60 days notice ",List of Software Licenses and their respective Service Fees prescribed in Schedule B,YES,"Nikhil Dharamprakash Gupta,
Director","Mahesh Bhootra,
Chief Financial Officer",SLA Specified in Schedule C of the Agreement ,,,
57,Software License Agreement,20-Sep-24,IndiaBonds Technologies Private Limited,A. K. Capital Services Limited,License to access and use the Software as prescribed in Schedule A,"Perpetual 
Termination with 60 days notice ",List of Software Licenses and their respective Service Fees prescribed in Schedule B,YES,"Nikhil Dharamprakash Gupta,
Director","Mahesh Bhootra,
Chief Financial Officer",SLA Specified in Schedule C of the Agreement ,,,
58,Software License Agreement,20-Sep-24,IndiaBonds Technologies Private Limited,A. K. Stockmart Private Limited,License to access and use the Software as prescribed in Schedule A,"Perpetual 
Termination with 60 days notice ",List of Software Licenses and their respective Service Fees prescribed in Schedule B,YES,"Nikhil Dharamprakash Gupta,
Director","Ranjit Dutta,
Chief Financial Officer",SLA Specified in Schedule C of the Agreement ,,,
59,Service Agreement,17-Jan-25,India Bond Private Limited,Trojan Hunt India LLP,VAPT of Company's Mobile Application ,30 days advance notice in writing to other party ,"INR 80,000/- (Schedule - B)","Yes
(Schedule A)",Anand Sonawane,"Mr. Kunal Sharma

kunal@trojanhuntindia.com",,,,
60,Payment Solution Agreement,18-Feb-25,India Bond Private Limited,Cashfree Payments India Private Limited,"Payment gateway and developing and implementing
payment related solutions","Perpetual 
Termination with 60 days notice ",Platform Fees prescribed in Annexure-1,YES,Anand Sonawane,"Rahul Ramesan
9645015027
rahul.r@cashfree.com",,,,
61,Services Agreement,29-Dec-25,India Bond Private Limited,Cashfree Payments India Private Limited,"PAN Verification, PAN 360 & Name Match","Perpetual till terminated by
either Party as per terms of this Agreement
","Annexure-2:
PAN Verification: INR 1
PAN 360: INR 2.50
Name Match: INR 0.50",No,"For Business Related-api@indiabonds.com
For Compliance related
compliance@indiabonds.com
For operations and related matters
.api@indiabonds.com","For Legal related -
legal@cashfree.com
For Business Relatedcare@
cashfree.com
For Compliance related
care@cashfree.com
For operations and realted matters
care@cashfree.com",,,,
62,Master Service Agreement,4-Feb-25,India Bond Private Limited,Fixerra Private Limited,Fixerra grants Client a right to market and make available Fixed Deposits to its Customers through its Mobile Application and/or Website. ,"Perpetual 
Termination with 60 days notice ",Fees prescribed in Annexure-4,YES,"Jenil Sheth
Vice President","Arshya Dhawan
arshya@fixerra.in

Priyanka Satra
priyanka@fixerra.in

Akshar Shah
akshar@fixerra.in",,,,
63,Sub-Consortium/Sub-broker member,27-Mar-25,India Bond Private Limited,Moneywise Finvest Limited (“MFL”),for Public Issue of SMC Global Securities Limited,NA,Yes,No,Vaibhav / Harish Jagdale,,,,,
64,Services Agreement,14-Apr-25,India Bond Private Limited,One Club Ventures Private Limited,"conducting awareness programs, masterclass(es) to undertake initiatives in compliance with applicable laws and regulatory requirements",initial period of 1 (One) Year (“Initial Term”). The Term of the Agreement will automatically renew and extend for subsequent 1 (One) year period,"Yes. Payment of INR 4,00,000/- (Rupees Four Lakhs) per month for a period of 2-months. ",No,Sriram Subramaniam,Sach Keerat ,,,,
65,First Addendum to the Services Agreement,15-Jul-25,India Bond Private Limited,One Club Ventures Private Limited,Amendment in Deliverables and Commercials ,,Flat referral incentive of ?500 (Indian Rupees Five Hundred Only) for each completed and verified investor KYC (‘KYC Approved’),No,Sriram Subramaniam,Sach Keerat ,,,,
66,Service Agreement,30-Apr-25,India Bond Private Limited,Techdefence Labs Solutions Limited,"audit analysis for Financial Year 2024-25 of the Client in terms of Cyber Security
& Cyber Resilience Compliance Audit",1 year with 30 days notice. ,"INR 60,000",NO,"Mr. Anand Sonawane

Email ID – anand.sonawane@indiabonds.com","Mr. Sunny Vaghela

Email ID - sunny@techdefencelabs.com ",,,,
67,Sub-Consortium,24-Apr-25,India Bond Private Limited,Nuvama Wealth and Investment Limited,for Public Issue of Muthoot Fincorp Limited ,NA,Yes,No,Vaibhav / Harish Jagdale,,,,,
68,Online Bond Platform Access Agreement,29-May-25,India Bond Private Limited,One Centurion Ventures Private Limited,"introducing clients to the Company’s online bond platform, solely for the purpose of
enabling such clients to independently access and invest in fixed income securities","Term shall continue unless
terminated by either Party","Company shall not pay or share any fees, commissions, brokerage, referral incentives, or
any form of monetary or non-monetary consideration",No,Sriram Subramaniam,Sach Keerat ,,,,
69,Master Services Agreement,21-Jul-25,India Bond Private Limited,Anunta Technology Management Services Limited,"As more particularly defined in the Statement of Work (""SOW"")","3 (Three) years or last surviving SOW, whichever is later. ","Yes, as per Statement of Work. 
SOW-? 77,00,001/-",Yes as per SOW only ,Vishal Mody ,"Gautam Chakrabarty
022 66200888
Level 2, Block B6, Nirlon Knowledge Park, off Western Express Highway, Goregaon (East), Mumbai - 400 063. ",,,,
70,Master Service Agreement,31-Jul-25,India Bond Private Limited,ITW Catalyst Private Limited,performance marketing services (“SEM”) and allied services ,12 months,"Monthly Retainer - 
?1,50,000 - Till 1 Crore
?2,75,000 - 1 to 1.5 Crores

10% (ten percent) of the value of the respective SOW",NA,"Anushri Thakur 
Sriram Subramaniam","Name: Anuj Saraf
Designation: GM – Brand Marketing
E-mail id: anuj.saraf@itwglobal.com ",,,,
71,SOW No. 1 ,19-Aug-25,India Bond Private Limited,ITW Catalyst Private Limited,Procurement of advertising inventory through ITW DMCC from Apple Inc. ,,Fee Payable: USD 5701.25/- ,NA,"Anushri Thakur 
Sriram Subramaniam","Name: Anuj Saraf
Designation: GM – Brand Marketing
E-mail id: anuj.saraf@itwglobal.com ",,,,
72,SOW No. 2,11-Sep-25,India Bond Private Limited,ITW Catalyst Private Limited,"procurement of advertising inventory as detailed
in Clause 4 for advertisement of Client’s brand ‘India Bonds’ (“Brand”) during the
transmission of the ACC Men’s Asia Cup 2025",,"INR 1,00,00,000/- (Indian Rupees One Crore Only)",NA,"Anushri Thakur 
Sriram Subramaniam","Name: Anuj Saraf
Designation: GM – Brand Marketing
E-mail id: anuj.saraf@itwglobal.com ",,,,
73,SOW No. 3,,India Bond Private Limited,ITW Catalyst Private Limited,Pending. Not Signed,,,,,,,,,
74,SOW No. 4,31-Oct-25,India Bond Private Limited,ITW Catalyst Private Limited,procurement of inventory during India vs Australia 2025 series ,,"INR 25,00,000/- (Indian Rupees Twenty Five Lakhs Only)",NA,"Anushri Thakur 
Sriram Subramaniam","Name: Anuj Saraf
Designation: GM – Brand Marketing
E-mail id: anuj.saraf@itwglobal.com ",,,,
75,First Addendum Agreement to Participation Contract,18-Aug-25,India Bond Private Limited,Trasol Events Private Limited,"IndiaBonds to participate in the Money Expo India event scheduled to be held at Jio World Convention Centre, Mumbai, as one of the sponsors",,"INR 300,000",NA,"Anushri Thakur 
Sriram Subramaniam",,,,,
76,Master Service Agreement,5-Aug-25,India Bond Private Limited,Canarys Automations Limited,"specified GitHub licenses through the Service Provider as stated
in Exhibit A and the Service provider has agreed to provide GitHub Licenses on the terms
and conditions appearing hereinafter","The Agreement shall commence on effective date and continue until all SOWs are completed or till Agreement is
terminated by either of the Parties whichever is earlier","Monthly Unit
Price (?): ? 1,800.00 plus GST 

Quantity: 20 units 

Annual Total
Price (?): ? 4,32,000.00 plus GST",Yes. ,"Vishal Mody 
Shaurya Dhaka ","Name: Sudheer Chandra
Designation: Business Development Manager
Address: Canarys Automations Limited,
566 & 567, 30th Main, Attimabbe Road,
Banagirinagara, Banashankari 3rd Stage.
Bengaluru, Karnataka 560085
Email: Sudheer.chandra@ecanarys.com",,,,
77,AGREEMENT FOR REGISTRATION OF DIRECT REFERRAL ASSOCIATE,11-Aug-25,India Bond Private Limited,RKSV SECURITIES INDIA PRIVATE LIMITED,"DRA will introduce/refer prospective Users who are interested in making transactions / exploring the products offered on the Platform, through digital redirection to the Platform, mutually agreed as per Annexure A",Either Party may terminate this Agreement after giving 30 days prior written notice to the Other Party.,referral fees based on “Flat Referral Rates” for all referred persons (subject to the deduction of applicable taxes) to the DRA as per Annexure B,No,Anand Sonawane ,Amit Chhotalal Lalan,,,,
78,Amendment No. 1 to AGREEMENT FOR REGISTRATION OF DIRECT REFERRAL ASSOCIATE,29-Oct-25,India Bond Private Limited,RKSV SECURITIES INDIA PRIVATE LIMITED,Addition of Notice Clause in the Main Agreement.,-,-,No,"Mr. Anand Sonawane
605, 6th Floor, Windsor, Off CST Road,
Kalina, Santacruz (East),
Mumbai, Maharashtra: 400098
For business & operational matters: rksv@indiabonds.com
For any approvals, compliance & legal matters:
compliance@indiabonds.com","Legal Team
21st Floor, Sunshine Tower, Senapati Bapat Marg, Dadar (W), Mumbai, Maharashtra 400013.
For business & operational matters:
aditya.vyas@rksv.in and sushilkumar.bharpure@rksv.in
For any approvals, compliance & legal matters:
legal@rksv.in; core_compliance@rksv.in
and contracts@rksv.in.",,,,
79,Memorandum of Understanding ,6-Aug-25,India Bond Private Limited,India FinTech Forum,Participation in the India FinTech Awards 2025,Until completion of deliverables or till 31st May 2025 (whichever is earlier),"INR 166,500/-",No,Anushri Thakur,"Riny Kumar, 
Senior Manager 
email: riny@indiafintech.com",,,,
80,Engagement Letter for Rendering Professional Services ,27-Mar-25,IB Future Tech Private Limited ,Ohm Dovetail Global Admin Services Private Limited ,Provide Management consulting services ,Upto 30th May 2025,"INR 5,91,000/- plus applicable taxes",No,"Jenil Sheth
Vice President",Mr. Vivek Singhania,,,,
81,Service Agreement,16-Oct-25,India Bond Private Limited,Skillr Talent Private Limited,availing chatbot services from Fundamento,"The term of this Agreement shall be one (1) year commencing from the Effective 
Date, subject to an initial lock-in period of two (2) months starting from the Go-Live 
Date",As per Annexure I ,Yes,"Vishal Mody 
Address: 605, 6th Floor, Windsor, Off CST Road, Kalina, Santacruz - (East), Mumbai – 
400 098 
Contact no.: 8097176190 
Email ID:tech@indiabonds.com","Attention: Prapurna Sharma 
Address: A-38, New Friends Colony, New Delhi 110065 
Contact No.: +91 95402 09130/9770552023 
Email Id: prapurna@fundamento.ai ",,,,
82,Service Agreement,19-Nov-25,India Bond Private Limited,Socio Spy Media ,"to identify, evaluate, and shortlist
suitable Digital Content Creators as per the requirements specified and to provide such other ancillary services as deemed appropriate.",shall remain in force for a period of twelve (12) months,"As per Annexure - C  ""Commercials""",No,"Mr. Anand Sonawane/Sriram Subramanian
8097176193
Compliance@indiabonds.com &
marcom@indiabonds.com","Mr Minesh Girish Santani
D-118, Regency Plaza, Shantinagar, Ulhasnagar - 421 004
+91 89838 41226
minesh@sociospy.com",,,,
83,MASTER SOFTWARE LICENSING AGREEMENT,27-Nov-25,India Bond Private Limited,Quant Legaltech India Private Limited,"non-exclusive, non-assignable, royalty free, right to access and use the
Complius Platform (“Platform”) for the proposed Services",Perpetual with 5 years lock-in period ,"Schedule E:
Monthly License Fees - INR 7,500
One-time Set up fees - INR 30,000
",Schedule F,Anand Vikas Sonawane ,Amit Sengupta,,,,
84,Service Agreement,19-Nov-25,India Bond Private Limited,Mr. Madurai Veeran Marimuthu,Digital Content Creation,"12 months or until completion and delivery of Deliverables to satisfaction of IBPL, whichever is  earlier. ",Annexure C - Commercials ,No,"Mr. Anand Vikas Sonawane 
8097176193
compliance@indiabonds.com 
marcom@indiabonds.com ","Mr. Madurai Veeran Marimuthu
40/62A, Foxen Street, Perambur, Chennai - 600011
9629150744
mmadhuveera@yahoo.co.in",,,,
85,Service Agreement,19-Nov-25,India Bond Private Limited,Walnut Folks Services Private Limited,Digital Content Creation,12 months,Annexure C - Commercials ,No,"Mr. Anand Vikas Sonawane 
8097176193
compliance@indiabonds.com 
marcom@indiabonds.com ","Mr. Hitesh Lalwani
17/R , HSR Layout 3rd Sector Bus Stop, 18 cross road ,HSR layout. Bengaluru, Bengaluru Urban, Karnataka - 560102
8296373038
accounts@walnutfolks.com
sowmya.shetty@walnutfolks.com
",,,,
86,Service Agreement,13-Jan-26,IndiaBonds Money Private Limited,Walnut Folks Services Private Limited,Digital Content Creation,12 months,Annexure B - Commercials ,No,"Mr. Vishal Mody  

6th Floor, 605,Windsor, Off CST Road,
Mumbai- 400 098","Mr. Hitesh Lalwani
17/R , HSR Layout 3rd Sector Bus Stop, 18 cross road ,HSR layout. Bengaluru, Bengaluru Urban, Karnataka - 560102
8296373038
accounts@walnutfolks.com
sowmya.shetty@walnutfolks.com
",,,,
87,Broadcast Service Agreement,28-Nov-25,India Bond Private Limited,Network18 Media & Investments Limited,"to enhance awareness of its brand “IndiaBonds,” as well as promote investor education and awareness regarding bonds and fixed income securities/instruments broadcast through channel of Broadcaster as well as through various digital and social media platforms of Broadcaster

",1st December 2025 to 25th May 2026,"Annexure B
INR 350,00,000 (Three Hundred Fifty Lacs)",No,Mr. Anand Sonawane,"Legal Team,
Mangesh Chavan
9821125207
legal@nw18.com- for Legal Matters
Mangesh.Chavan@nw18.com – For Finance and related matters",,,,
88,First Addendum to Broadcast Service Agreement,26-Dec-25,India Bond Private Limited,Network18 Media & Investments Limited,"the campaign end date under
Clause 2.1 of the Agreement shall stand extended from 25 May 2026 to 30 June 2026",,,,Mr. Anand Sonawane,"Legal Team,
Mangesh Chavan
9821125207
legal@nw18.com- for Legal Matters
Mangesh.Chavan@nw18.com – For Finance and related matters",,,,
89,Data Service Agreement ,9-Oct-25,India Bond Private Limited,Value Research India Private Limited ,"Value Research will provide aggregated data rela??ng to mutual funds and stocks listed on
Indian stock exchanges without engaging in investment advisory or providing bespoke advice","This Agreement shall come into force with effect from the Execu??on Date and shall con??nue to be in
effect unless terminated by either Party","INR 3,75,000/- per annum (Fees) which shall be paid by the Recipient within 30 (thirty) days from
the date of receipt of invoice.",No,Mr. Anand Sonawane,"Mr. Aneesh Nair
Lead: Admin & Invoicing
Value Research India Private Limited, C- 103,
Sector - 65, Noida - 201301
aneesh@valueresearch.in ",,,,
90,License Agreement,9-Sep-25,IB Future Tech Private Limited ,Corporate Professionals India Private Limited,"Application/Product to Client to manage the ESOP plans. The details of the Product, application, functionalities and the maintenance and support services set forth in the “Annexure-I”",Perpetual ,"Annexure II - Fees & Charges 
Employee management upto 100 – Rs. 70,000 per year
Additional – Rs. 770 per additional user
Customization - at actuals
Old Data Migration - Rs. 1000 per man hour 
",Yes. Annexure III,"Name: Anand Sonawane
Designation: Director","Name: Mr. Manoj Kumar
Designation: Director
Address: D-28, South Extension, Part I, New Delhi- 110049
Email: manoj@indiacp.com",,,,
91,Master Services Agreement,21-Nov-25,India Bond Private Limited,Zigram Data Technologies Private Limited,PreScreening.io (or equivalent) screening application for the explicit purposes of conducting AML name screening,Period of 3 years.,as more detailed in associated Annexure(s) or Work Order(s),Yes. The COMPANY shall maintain the service levels as mutually agreed by the Parties.,"Anand Sonawane
8097176215
tech@indiabonds.com","Yash Goyal
+91 – 9509 73 5458
yash.goyal@zigram.tech",,,,
92,KYC Registration Agency Agreement,4-Dec-25,India Bond Private Limited,CDSL Ventures Limited,KYC Registration Agency ,Perpetual ,Yes,Yes. As communicated by CDSL. ,,,,,,
93,Master Service Agreement,5-Nov-25,Indiabonds Money Private Limited,Upswing Financial Technologies Private Limited,"market, promote and make available Fixed Deposits to its Customers through its Mobile Application and/or Website or through physical / offline mode. ",Perpetual ,Yes. (Annexure 2),Yes. (Annexure 3),"Mr. Vishal Mody, Director
","Mr Anupam Bagchi
906, Riddhi Tower Garden,
A K Vaidya Marg, Off Film City Road,
Nr Wageshwari Mandir, Malad(E),
Mumbai-400097, Maharashtra",,,,
94,Terms and Conditions,27-Nov-25,India Bond Private Limited,Omkar Satam Films,Digital Content Creation,completion and delivery of Deliverables to satisfaction of IBPL. ,"Payment Terms as per Annexure A. 
INR 10,50,000/- ",No,"Mr. Sriram Subramanian
9029679643
","Mr. Omkar Satam,
9309382545
omkarsatam@omkarsatamfilms.com",,,,
95,Cost Sharing Agreement,23-Dec-25,India Bond Private Limited,IndiaBonds Money Private Limited,"utilizing the office premises as its Registered Office and availing required administrative and other support services on a shared basis

",Perpetual. Sixty (60) days prior written notice,"INR 25,000/- per month ",No,Anand Vikas Sonawane ,Vishal Yatin Mody,,,,
96,Master Services Agreement,2-Jan-26,India Bond Private Limited,Vodafone Idea Limited ,the call recording solution service and cloud storage service through its authorized business partner BK systems,"the initial term as provided in Schedule 2.
After initial term, Agreement shall continue to be renewed for one (1) year period with prior permission of Customer
","Plan Name - MCRS_650_1KM_100S

Rental - 650",No,"Admin Department, India Bond Private Limited, 605, 6th Floor, Windsor, Off CST Road, Kalina, Santacruz (East), Vidyanagari, Mumbai - 400098","Head of Business,
CC: General Counsel,
Vodafone Idea India Limited, Peninsula Corporate Park, Ganapatrao Kadam Marg, Lower Parel, Mumbai 400013.","India Bond has executed. 
Vodafone Idea - processing and execution pending at their end. ",,,
97,Services Agreement,24-Nov-25,India Bond Private Limited,Epaphra,Digital Content Creation,15 working days or until the completion and delivery of deliverable under this Agreement to the satisfaction of Company ,Annexure B ,No,"Mr. Sriram Subramanian
9029679643
","Mr. Epaphra
C815, Urbanrise Revolution One, Padur - 603103, Tamil Nadu
+919600770424",,,,
98,Data Processing Agreement ,31-Dec-25,India Bond Private Limited,Kumar & Co.,"Data Processing Agreement (DPA) for the purpose
of PDF to JSON conversion of CAS statement of Controller’s Users (generated by
CAMS/KFintech, CDSL & NSDL) on real time basis. Upon upload of a CAS statement by a
User, an output report is generated in a structured and machine-readable format.",1 (One) years,"INR 1,25,000/- + GST to be paid biannually
(every six months) for 750 (seven fifty) PDF to JSON
conversions in a month. Any additional PDF to JSON conversions
(over and above 750 (Seven Fifty) PDF to JSON conversions) shall
be payable at INR 30 (Rupees Thirty) per successful conversion.",Yes.,"Name: Vishal Mody
Email: Vishal.Mody@indiabonds.com","Name: Sameer Kumar
Email: sameer@casparser.in",,,,
99,EXHIBITOR AGREEMENT,16-Jan-26,India Bond Private Limited,TDFS3 Digital Fifth Private Limited,"India Bond Private Limited to be one of the EXHIBITORS in the Event and in return, avail EXHIBITOR Benefits in
accordance with the terms of this Agreement.","EXHIBITOR receiving the Benefits as detailed under Annexure I (Term) or till 15th May 2026 (Expiry Date) or till
termination of this Agreement whichever is earlier.","Annexure II (INR 3,75,000/-)",No,"Anushri Thakur 
anushri.thakur@indiabonds.com ","Sakshi Toprani 
sakshi.toprani@thedigitalfifth.com",,,,
100,Services Agreement,3-Feb-26,India Bond Private Limited,Mr. Tamil Selvan,Digital Content Creation (Annexure A),12 months,Annexure C - Commercials ,No,"Mr. Anand Vikas Sonawane 
8097176193
compliance@indiabonds.com 
marcom@indiabonds.com ","Mr. Tamil Selvan
2/402-8, KANNAPPAN NAGAR, NEW HOUSING
BOARD, KRISHNAGIRI – 635002, TAMIL NADU",,,,
101,Technology Service Provider Agreement,29-Jan-26,India Bond Private Limited,Perfios Software Solutions Private Limited,Annexure I - Order Form I,three (3) years from the Effective Date,Annexure I - Order Form I,Yes. ,"Ashit Raja
Address: 605, 6th Floor, Windsor, Off CST Road, Kalina, Santacruz (East), Mumbai, Maharashtra 400098, India
Email ID: api@indiabonds.com","4th Floor, Lasker, HM Vibha Towers, 66/525, Hosur Road, Chikku Lakshmaiah Layout, Adugodi, Bengaluru, Karnataka 560030
Email ID: ext-legal@perfios.com",,,,
102,Business Associate Agreement,14-Jan-26,IndiaBonds Money Private Limited,Shriram Finance Limited,Annexure A,5 years unless terminated earlier by either party,payment of commission/ fee as prescribed in Annexure B,No,"605, 6th Floor, Windsor, Off CST Road, Kalina, Santacruz (East), Mumbai- 400 098
Telephone:9820221813 
Email:tech@indiabonds.com
","Shriram Finance Limited ,6th Floor (Level 2) Building No. Q2, Aurum Q Parc Gen 4/1TTC, Thane Belapur Road Ghansoli, Navi Mumbai – 400710
Telephone: 022-40957575 Email: ba.care@shriramfinance.in
",,,,
103,Master Service Agreement,27-Feb-26,India Bond Private Limited,INFOCUS-IT Consulting Private Limited,audit support services in connection with ISO/IEC 27001:2022 certification (Schedule A),Perpetual ? To be confirmed..,"INR 1,20,000/- (Indian Rupees One Lakh Twenty Thousand only) excluding taxes. 
(Schedule B)",No,"Mr. Vishal Mody
605, 6th Floor,
Windsor, Off CST Road,
Kalina, Santacruz (East),
Mumbai- 400 098
Email ID – vishal.mody@indiabonds.com","Mr. Jagbir Singh
INFOCUS IT CONSULTING PVT LTD
A – 19 Yadav Park,
New Delhi – 110041
Tel No. – 91-8800827932
Email ID – jagbir@infocus-it.com",,,,
104,Business Associate Agreement,19-Feb-26,India Bond Private Limited,Shriram Finance Limited,To source customers for Deposits through physical mode as well as online platform options. ,"for a period of 5 years unless terminated earlier by either party. 

30 days notice",2. The Sourcing Fee shall be payable at such rates as may be mutually agreed between the Parties from time to time.,No,"Address: 605, 6th Floor, Windsor, Off CST Road, Kalina, Santacruz (East), Mumbai- 400 098
Telephone: 9820221813 
Email:tech@indiabonds.com","Address: Shriram Finance Limited, 6th Floor (Level 2) Building No. Q2, Aurum Q Parc Gen 4/1TTC, Thane Belapur Road Ghansoli, Navi Mumbai – 400710
Telephone: 022-40957575 Email: ba.care@shriramfinance.in",,,,
105,First Addendum to Service Agreement,26-Feb-26,India Bond Private Limited,Skillr Talent Private Limited,,,,,,,,,,
106,Master Services Agreement,27-Feb-26,India Bond Private Limited,Hurix Systems Private Limited ,Appointment as Auditor and independent service provider to perform comprehensive accessibility audit of the Customer's website and accessibility audit. ,shall remain in force until completion of Services under the applicable Statement of Work. ,"As per the Statement of Work (INR 1,61,860)",No,"Legal related matters 
compliance@indiabonds.com

Tech related matters
tech@indiabonds.com ","Kind Attention: Manoj Gupta, AVP Finance

legal@hurix.com",,,,
107,Services Agreement,17-Mar-26,India Bond Private Limited,SIS Limited,personnel / manpower/ security personnel and related manpower services for safeguarding office ,01st January 2026 to 31st December 2026,"As per Annexure I - INR 43,530",No,"Vishal Mody
admin@indiabonds.com","Ashish Omprakash Singh
ashish2.singh@sisindia.com",,,,
108,Services Agreement,23-Feb-26,India Bond Private Limited,M/s. Digiwhistle,"to identify, evaluate, and shortlist
suitable Digital Content Creators as per the requirements specified and to provide such other ancillary services as deemed appropriate.","shall remain in force for a period of twelve (12) months, unless earlier terminated in accordance with the provisions herein","Annexure C - Commercials 

6 % of the total invoice amount raised in a month for Digital Educator and Awareness creators",No,"Mr. Sriram
605, 6th Floor, Windsor, Off CST Road,
Mumbai- 400 098
+91 90296 79643

Compliance@indiabonds.com –
For all legal and compliance related communications
marcom@indiabonds.com – For all other
communications","Mr. Pratyush Singh

Office 814 & 816, 8th Floor, Anthurium Noida, Sector 73
9599205975

pratyush@digiwhistle.com",,,,
109,Memorandum of Understanding ,28-Apr-26,India Bond Private Limited,TEAM Association ,IndiaBond’s participation in the Mumbai Tech Week 2026 (“Event”) as an official Participant,shall continue until the completion of the Deliverables or till 31st May 2026 (whichever is earlier).,"INR 7,00,000 plus GST/taxes ",No,"Kind Attention: Kanan Shah Kind Attention: Anushri Thakur
Email Id: kanan@mumbaitech.team Email Id: anushri.thakur@indiabonds.com
Address: : HD-290, WeWork, C 20, G-Block, BKC, Bandra East, Mumbai-400051 Address: 605, 6th Floor, Windsor, Off CST Road, Kalina, Santacruz (East), Mumbai - 400098
","Kind Attention: Kanan Shah Kind Attention: Anushri Thakur
Email Id: kanan@mumbaitech.team Email Id: anushri.thakur@indiabonds.com
Address: : HD-290, WeWork, C 20, G-Block, BKC, Bandra East, Mumbai-400051 Address: 605, 6th Floor, Windsor, Off CST Road, Kalina, Santacruz (East), Mumbai - 400098
Mobile: 8879541712 Mobile:
",,,,
110,Amendment and Accession Agreement ,"22nd April, 2026",India Bond Private Limited and IB Future Tech Private Limited ,Darwinbox Digital Solutions Private Limited,"access to its Darwinbox Human Resource Management Cloud Solution (""Software"") wherein IB Future Tech is being introcued as a party","3 (three) years;
auto-renew for successive period of 1 (one) year unless earlier terminated","India Bond INR 6,40,000/-p.a. for 120 users and 2,500/- per user post 120 users.      IB Future Tech INR 1,60,000/- p.a. for 30 users and  2,500/- per user post 30 users.",,Mihir More,,,,,
111,Account Aggregator Service Agreement ,"16th April, 2026",India Bond Private Limited,Finsec AA solutions private limited,Provide account aggregator services,3 (three) years and will be renewed by one year at option of IB,consideration as per BrokenTusk Technologies Pvt Ltd  and IB,No,Vishal Mody,Compliance officer ,,,,
112,4th Addendum to the Outsourcing agreement    ,"7th May, 2026",India Bond Private Limited,Swami Samarth Facility,Providing manpower i.e  2 (two)Pantry Boys ,"1 year w.e.f 1st April, 2026 ","1 pantry boy INR 26,423/- pm and 2 pantry boy INR 25,855/- pm",No, ,,,,,
113,Service Agreement,"11th May, 2026",India Bond Private Limited,TechD cyber security Ltd ,"providing cyber Security and Resilience Audit, VAPT","1 year w.e.f. 11th may, 2026","Total INR 3,50,000/-",No,Anand Sonawane,,,,,
114,Service Agreement,"11th May, 2026",India Bond Private Limited,Finance with Sharan,Providing Digital  eductaor and Awareness cerators,"1 year w.e.f. 11th may, 2026",8% of the total invoivce amount ,No,Anand Sonawane,,,,,
115,2nd addendum agreement,"20th May, 2026",India Bond Private Limited,Skillr Talent Private Limited (Fundamento),Addendum to incorporate additional services ,"term extended by 1 more year from earlier  term of 1year expiring on 15th Oct, 2026",as provided ,no,Anand Sonawane ,,,,,
116,Platform Agreement ,"5th Nov, 2025",India Bond Private Limited,IndiaBond Money Pvt Ltd ,for providing platform ,Perpetual,Free upto 6  months and Rs 200 or as mutually agreed per client upon sucessful purchase of TPP,no,Anand Sonawane,Vishal Yatin Mody,,,,
,,,,,,,,,,,,,,
,,,,,,,,,,,,,,
,,,,,,,,,,,,,,
,,,,,,,,,,,,,,
,,,,,,,,,,,,,,
,,,,,,,,,,,,,,
,,,,,,,,,,,,,,
